year,circuit,lap,passer,passed,rel_distance,n_crossings,resolved
2025,Australian Grand Prix,14,ANT,HUL,0.7823,1,True
2025,Australian Grand Prix,16,HUL,ANT,0.24,1,True
2025,Australian Grand Prix,17,ANT,HUL,0.7824,1,True
2025,Australian Grand Prix,17,PIA,VER,0.7838,1,True
2025,Australian Grand Prix,19,LAW,OCO,0.6177,1,True
2025,Australian Grand Prix,22,ANT,STR,0.8072,1,True
2025,Australian Grand Prix,43,TSU,LEC,0.7533,1,True
2025,Australian Grand Prix,45,HAM,TSU,0.8798,1,True
2025,Australian Grand Prix,52,LEC,HAM,0.0772,1,True
2025,Australian Grand Prix,53,PIA,TSU,0.0587,1,True
2025,Australian Grand Prix,54,HAM,GAS,0.1889,1,True
2025,Australian Grand Prix,54,LEC,GAS,0.1552,1,True
2025,Australian Grand Prix,55,PIA,GAS,0.2128,1,True
2025,Australian Grand Prix,56,ANT,ALB,0.6196,1,True
2025,Australian Grand Prix,57,PIA,HAM,0.6123,1,True
2025,Chinese Grand Prix,16,HAM,BEA,0.8477,1,True
2025,Chinese Grand Prix,17,PIA,ALB,0.8735,1,True
2025,Chinese Grand Prix,17,OCO,HUL,0.827,1,True
2025,Chinese Grand Prix,17,TSU,HUL,0.7755,5,False
2025,Chinese Grand Prix,17,VER,LAW,0.0768,1,True
2025,Chinese Grand Prix,18,ANT,HUL,0.8241,1,True
2025,Chinese Grand Prix,18,VER,BEA,0.8612,1,True
2025,Chinese Grand Prix,18,HAD,HUL,0.8457,1,True
2025,Chinese Grand Prix,18,HAM,STR,0.8817,3,True
2025,Chinese Grand Prix,18,NOR,RUS,0.0665,1,True
2025,Chinese Grand Prix,19,NOR,ALB,0.8844,1,True
2025,Chinese Grand Prix,19,DOO,HUL,0.7902,1,True
2025,Chinese Grand Prix,19,GAS,HUL,0.1214,1,True
2025,Chinese Grand Prix,19,LEC,STR,0.0371,1,True
2025,Chinese Grand Prix,20,VER,STR,0.8544,1,True
2025,Chinese Grand Prix,21,LEC,HAM,0.1745,1,True
2025,Chinese Grand Prix,24,SAI,DOO,0.3752,1,True
2025,Chinese Grand Prix,32,BEA,DOO,0.8487,1,True
2025,Chinese Grand Prix,35,BEA,SAI,0.8682,1,True
2025,Chinese Grand Prix,39,STR,DOO,0.8741,1,True
2025,Chinese Grand Prix,40,BEA,GAS,0.1406,3,True
2025,Chinese Grand Prix,43,TSU,DOO,0.8208,1,True
2025,Chinese Grand Prix,43,STR,SAI,0.093,1,True
2025,Chinese Grand Prix,45,BOR,HUL,0.9107,1,True
2025,Chinese Grand Prix,53,VER,LEC,0.1544,3,True
2025,Japanese Grand Prix,2,SAI,HUL,0.5162,1,True
2025,Japanese Grand Prix,6,HAM,HAD,0.0958,1,True
2025,Japanese Grand Prix,22,RUS,GAS,0.6174,1,True
2025,Japanese Grand Prix,28,ALB,BOR,0.0639,1,True
2025,Japanese Grand Prix,29,ALB,OCO,0.1084,1,True
2025,Japanese Grand Prix,30,ALB,SAI,0.913,1,True
2025,Japanese Grand Prix,30,HAD,SAI,0.0948,1,True
2025,Japanese Grand Prix,31,HAD,LAW,0.6406,1,True
2025,Japanese Grand Prix,32,ALB,LAW,0.9206,1,True
2025,Japanese Grand Prix,33,GAS,DOO,0.109,1,True
2025,Japanese Grand Prix,36,SAI,LAW,0.0784,1,True
2025,Japanese Grand Prix,48,SAI,HUL,0.0667,1,True
2025,Japanese Grand Prix,50,SAI,DOO,0.0923,1,True
2025,Miami Grand Prix,4,NOR,ALB,0.5618,1,True
2025,Miami Grand Prix,4,PIA,ANT,0.5017,1,True
2025,Miami Grand Prix,4,HAM,HAD,0.0821,1,True
2025,Miami Grand Prix,5,SAI,ALB,0.4925,1,True
2025,Miami Grand Prix,7,NOR,RUS,0.1995,1,True
2025,Miami Grand Prix,9,GAS,ALO,0.5884,1,True
2025,Miami Grand Prix,9,NOR,ANT,0.5559,1,True
2025,Miami Grand Prix,14,ALB,SAI,0.6041,3,True
2025,Miami Grand Prix,14,PIA,VER,0.0797,4,False
2025,Miami Grand Prix,18,NOR,VER,0.5494,1,True
2025,Miami Grand Prix,22,HAM,OCO,0.8547,3,True
2025,Miami Grand Prix,27,GAS,BEA,0.9018,1,True
2025,Miami Grand Prix,38,HAM,LEC,0.8623,1,True
2025,Miami Grand Prix,52,LEC,HAM,0.5686,1,True
2025,Canadian Grand Prix,11,NOR,ALO,0.7193,1,True
2025,Canadian Grand Prix,12,ALB,HAD,0.8316,7,False
2025,Canadian Grand Prix,13,LEC,ALO,0.7836,1,True
2025,Canadian Grand Prix,13,OCO,BEA,0.1078,1,True
2025,Canadian Grand Prix,16,SAI,BOR,0.5986,1,True
2025,Canadian Grand Prix,16,TSU,BOR,0.8512,1,True
2025,Canadian Grand Prix,17,ANT,HUL,0.4401,1,True
2025,Canadian Grand Prix,17,SAI,BEA,0.8367,1,True
2025,Canadian Grand Prix,19,OCO,ALB,0.8228,1,True
2025,Canadian Grand Prix,19,ALO,GAS,0.5732,1,True
2025,Canadian Grand Prix,20,HAM,ALB,0.0096,2,True
2025,Canadian Grand Prix,20,SAI,ALB,0.1392,1,True
2025,Canadian Grand Prix,20,ALO,LAW,0.8723,5,False
2025,Canadian Grand Prix,20,HAM,OCO,0.8777,1,True
2025,Canadian Grand Prix,21,TSU,ALB,0.789,1,True
2025,Canadian Grand Prix,21,ALO,STR,0.4198,1,True
2025,Canadian Grand Prix,22,BOR,ALB,0.8507,1,True
2025,Canadian Grand Prix,23,ALO,BOR,0.8153,3,True
2025,Canadian Grand Prix,26,RUS,LEC,0.7827,1,True
2025,Canadian Grand Prix,28,ALO,TSU,0.8348,1,True
2025,Canadian Grand Prix,33,ALO,SAI,0.8618,1,True
2025,Canadian Grand Prix,34,HUL,GAS,0.8318,1,True
2025,Canadian Grand Prix,35,COL,GAS,0.8482,1,True
2025,Canadian Grand Prix,35,HUL,LAW,0.8592,1,True
2025,Canadian Grand Prix,37,ALO,OCO,0.8492,1,True
2025,Canadian Grand Prix,37,HUL,BOR,0.7944,1,True
2025,Canadian Grand Prix,37,COL,LAW,0.8096,1,True
2025,Canadian Grand Prix,42,HAD,GAS,0.8574,1,True
2025,Canadian Grand Prix,43,BEA,GAS,0.8784,1,True
2025,Canadian Grand Prix,44,STR,GAS,0.9175,3,True
2025,Canadian Grand Prix,45,ALB,GAS,0.8713,2,True
2025,Canadian Grand Prix,46,GAS,ALB,0.0464,2,True
2025,Canadian Grand Prix,46,BEA,HAD,0.0367,1,True
2025,Canadian Grand Prix,48,HUL,TSU,0.8433,1,True
2025,Canadian Grand Prix,53,ALO,TSU,0.7931,1,True
2025,Canadian Grand Prix,56,HUL,SAI,0.9457,3,True
2025,Canadian Grand Prix,59,BEA,COL,0.8808,1,True
2025,Canadian Grand Prix,61,ALO,HUL,0.8695,4,False
2025,Canadian Grand Prix,62,TSU,HAD,0.7976,1,True
2025,Canadian Grand Prix,64,BOR,HAD,0.8408,1,True
2025,Canadian Grand Prix,64,TSU,COL,0.8561,1,True
2025,Canadian Grand Prix,65,GAS,HAD,0.0331,1,True
2025,Monaco Grand Prix,48,RUS,ALB,0.6417,1,True
2025,Monaco Grand Prix,64,ALB,SAI,0.6655,1,True
2025,Monaco Grand Prix,76,STR,HUL,0.6351,1,True
2025,Austrian Grand Prix,5,BEA,COL,0.3928,3,True
2025,Austrian Grand Prix,9,ALB,GAS,0.3081,1,True
2025,Austrian Grand Prix,12,OCO,STR,0.6456,3,True
2025,Austrian Grand Prix,15,GAS,BEA,0.5111,1,True
2025,Austrian Grand Prix,15,TSU,STR,0.3594,5,False
2025,Austrian Grand Prix,22,HUL,BEA,0.1083,1,True
2025,Austrian Grand Prix,25,HAD,STR,0.4633,1,True
2025,Austrian Grand Prix,25,RUS,STR,0.4925,3,True
2025,Austrian Grand Prix,26,RUS,HAD,0.3184,3,True
2025,Austrian Grand Prix,27,BOR,GAS,0.6427,3,True
2025,Austrian Grand Prix,27,HUL,GAS,0.3078,1,True
2025,Austrian Grand Prix,28,BOR,HUL,0.3248,5,False
2025,Austrian Grand Prix,28,OCO,COL,0.376,1,True
2025,Austrian Grand Prix,28,LEC,LAW,0.2961,1,True
2025,Austrian Grand Prix,29,HAM,ALO,0.1085,1,True
2025,Austrian Grand Prix,29,HAM,LAW,0.6309,1,True
2025,Austrian Grand Prix,30,OCO,BEA,0.4841,1,True
2025,Austrian Grand Prix,33,OCO,GAS,0.2781,1,True
2025,Austrian Grand Prix,35,BEA,GAS,0.411,3,True
2025,Austrian Grand Prix,36,HAD,COL,0.3766,1,True
2025,Austrian Grand Prix,48,BEA,STR,0.3211,1,True
2025,Austrian Grand Prix,54,RUS,ALO,0.3028,1,True
2025,Austrian Grand Prix,54,COL,TSU,0.4401,1,True
2025,Austrian Grand Prix,55,RUS,LAW,0.307,1,True
2025,Austrian Grand Prix,56,BOR,HAD,0.27,1,True
2025,Austrian Grand Prix,57,HUL,HAD,0.3249,1,True
2025,Austrian Grand Prix,58,OCO,HAD,0.3562,1,True
2025,Austrian Grand Prix,66,BEA,HAD,0.4559,1,True
2025,Austrian Grand Prix,66,STR,COL,0.2593,1,True
2025,British Grand Prix,8,PIA,VER,0.8116,1,True
2025,British Grand Prix,9,STR,OCO,0.3059,1,True
2025,British Grand Prix,22,OCO,BEA,0.371,1,True
2025,British Grand Prix,22,OCO,TSU,0.8487,1,True
2025,British Grand Prix,24,RUS,HAM,0.6594,1,True
2025,British Grand Prix,26,BEA,TSU,0.316,1,True
2025,British Grand Prix,26,HAM,RUS,0.9566,3,True
2025,British Grand Prix,29,HAM,GAS,0.9547,3,True
2025,British Grand Prix,30,BEA,OCO,0.3,1,True
2025,British Grand Prix,34,HUL,STR,0.8592,1,True
2025,British Grand Prix,34,VER,SAI,0.9181,1,True
2025,British Grand Prix,35,LEC,ALB,0.2028,1,True
2025,British Grand Prix,35,HAM,STR,0.1477,1,True
2025,British Grand Prix,39,LEC,SAI,0.184,1,True
2025,British Grand Prix,51,VER,STR,0.1689,1,True
2025,British Grand Prix,52,ALB,ALO,0.464,1,True
2025,British Grand Prix,52,GAS,STR,0.8359,1,True
2025,Belgian Grand Prix,5,PIA,NOR,0.25,1,True
2025,Belgian Grand Prix,5,SAI,STR,0.9641,1,True
2025,Belgian Grand Prix,6,RUS,ALB,0.2903,1,True
2025,Belgian Grand Prix,6,HAM,STR,0.7289,7,False
2025,Belgian Grand Prix,7,ANT,STR,0.0534,1,True
2025,Belgian Grand Prix,7,HAM,SAI,0.9357,1,True
2025,Belgian Grand Prix,8,HAM,COL,0.3233,1,True
2025,Belgian Grand Prix,8,HAM,HUL,0.9536,1,True
2025,Belgian Grand Prix,9,HAM,GAS,0.7065,1,True
2025,Belgian Grand Prix,10,ALO,STR,0.7899,3,True
2025,Belgian Grand Prix,11,BEA,OCO,0.3243,1,True
2025,Belgian Grand Prix,17,BEA,ALO,0.3473,1,True
2025,Belgian Grand Prix,17,ANT,HAD,0.2791,1,True
2025,Belgian Grand Prix,18,STR,HAD,0.3036,1,True
2025,Belgian Grand Prix,19,SAI,HAD,0.2842,1,True
2025,Belgian Grand Prix,20,ANT,COL,0.2845,1,True
2025,Belgian Grand Prix,20,BOR,HUL,0.3134,1,True
2025,Belgian Grand Prix,22,STR,COL,0.2965,1,True
2025,Belgian Grand Prix,27,ANT,ALO,0.3317,1,True
2025,Belgian Grand Prix,39,HUL,STR,0.3077,1,True
2025,Belgian Grand Prix,43,BEA,TSU,0.2965,1,True
2025,Belgian Grand Prix,44,HUL,TSU,0.2726,1,True
2025,Hungarian Grand Prix,2,VER,LAW,0.5261,1,True
2025,Hungarian Grand Prix,3,NOR,ALO,0.0349,1,True
2025,Hungarian Grand Prix,3,VER,STR,0.532,1,True
2025,Hungarian Grand Prix,5,GAS,COL,0.1427,1,True
2025,Hungarian Grand Prix,22,PIA,ALO,0.0646,1,True
2025,Hungarian Grand Prix,22,VER,HUL,0.533,3,True
2025,Hungarian Grand Prix,24,VER,GAS,0.2817,1,True
2025,Hungarian Grand Prix,26,RUS,ALO,0.1083,1,True
2025,Hungarian Grand Prix,29,VER,HAM,0.4327,5,False
2025,Hungarian Grand Prix,30,VER,HAD,0.4685,5,False
2025,Hungarian Grand Prix,38,HAD,BEA,0.1314,1,True
2025,Hungarian Grand Prix,39,STR,SAI,0.1356,1,True
2025,Hungarian Grand Prix,41,ANT,OCO,0.1451,1,True
2025,Hungarian Grand Prix,43,LAW,SAI,0.2447,1,True
2025,Hungarian Grand Prix,44,HAD,OCO,0.2695,3,True
2025,Hungarian Grand Prix,45,ANT,SAI,0.1336,1,True
2025,Hungarian Grand Prix,46,GAS,BEA,0.2694,1,True
2025,Hungarian Grand Prix,47,HAM,BEA,0.1061,1,True
2025,Hungarian Grand Prix,47,HAD,SAI,0.14,1,True
2025,Hungarian Grand Prix,49,HAM,GAS,0.1065,1,True
2025,Hungarian Grand Prix,49,HUL,TSU,0.1467,1,True
2025,Hungarian Grand Prix,50,HAM,OCO,0.1196,1,True
2025,Hungarian Grand Prix,51,PIA,LEC,0.1204,1,True
2025,Hungarian Grand Prix,58,SAI,HUL,0.1763,1,True
2025,Hungarian Grand Prix,59,SAI,ALB,0.0928,1,True
2025,Hungarian Grand Prix,60,HUL,ALB,0.1217,1,True
2025,Hungarian Grand Prix,61,HUL,SAI,0.393,1,True
2025,Hungarian Grand Prix,62,RUS,LEC,0.1396,1,True
2025,Hungarian Grand Prix,63,HUL,GAS,0.154,1,True
2025,Hungarian Grand Prix,63,SAI,GAS,0.2695,3,True
2025,Hungarian Grand Prix,64,ALB,GAS,0.1616,3,True
2025,Hungarian Grand Prix,64,HUL,OCO,0.1373,1,True
2025,Hungarian Grand Prix,65,SAI,OCO,0.1112,1,True
2025,Hungarian Grand Prix,66,ALB,OCO,0.264,5,False
2025,Dutch Grand Prix,3,STR,BOR,0.7211,1,True
2025,Dutch Grand Prix,3,HUL,OCO,0.1068,1,True
2025,Dutch Grand Prix,5,COL,GAS,0.0963,3,True
2025,Dutch Grand Prix,9,NOR,VER,0.0778,1,True
2025,Dutch Grand Prix,16,GAS,COL,0.0889,3,True
2025,Dutch Grand Prix,29,STR,OCO,0.0561,1,True
2025,Dutch Grand Prix,34,ANT,ALB,0.0963,1,True
2025,Dutch Grand Prix,41,ANT,RUS,0.3683,1,True
2025,Dutch Grand Prix,50,ALO,HUL,0.7226,1,True
2025,Dutch Grand Prix,51,ALO,BOR,0.5192,1,True
2025,Dutch Grand Prix,58,BEA,BOR,0.528,1,True
2025,Dutch Grand Prix,58,STR,BOR,0.5253,1,True
2025,Dutch Grand Prix,59,TSU,BOR,0.6739,1,True
2025,Dutch Grand Prix,60,BEA,ALO,0.723,1,True
2025,Dutch Grand Prix,62,STR,ALO,0.0364,1,True
2025,Dutch Grand Prix,63,BEA,GAS,0.0933,3,True
2025,Dutch Grand Prix,63,STR,GAS,0.9977,1,True
2025,Dutch Grand Prix,69,COL,HUL,0.1508,1,True
2025,Dutch Grand Prix,69,TSU,GAS,0.7458,1,True
2025,Dutch Grand Prix,69,LAW,HUL,0.2354,1,True
2025,Dutch Grand Prix,70,SAI,BOR,0.7239,1,True
2025,Dutch Grand Prix,70,OCO,GAS,0.1946,1,True
2025,Dutch Grand Prix,71,COL,GAS,0.0139,2,True
2025,Dutch Grand Prix,71,HUL,GAS,0.1241,1,True
2025,Dutch Grand Prix,71,LAW,GAS,0.0933,3,True
2025,Dutch Grand Prix,71,SAI,GAS,0.2004,1,True
2025,Dutch Grand Prix,71,SAI,HUL,0.5914,1,True
2025,Dutch Grand Prix,72,BOR,GAS,0.0068,2,True
2026,Australian Grand Prix,2,BEA,ALB,0.7742,9,False
2026,Australian Grand Prix,2,BEA,SAI,,0,False
2026,Australian Grand Prix,2,COL,BOT,0.7663,1,True
2026,Australian Grand Prix,2,LAW,BOT,0.8963,1,True
2026,Australian Grand Prix,2,VER,BOT,0.5758,1,True
2026,Australian Grand Prix,2,RUS,LEC,0.8952,5,False
2026,Australian Grand Prix,3,BEA,ALO,0.6388,1,True
2026,Australian Grand Prix,3,BOR,ALO,0.6262,1,True
2026,Australian Grand Prix,3,ANT,NOR,0.6291,1,True
2026,Australian Grand Prix,3,PER,BOT,0.7942,3,True
2026,Australian Grand Prix,3,LEC,RUS,0.6226,1,True
2026,Australian Grand Prix,3,VER,SAI,0.8764,3,True
2026,Australian Grand Prix,4,VER,ALB,0.6264,1,True
2026,Australian Grand Prix,5,ALB,ALO,0.7804,3,True
2026,Australian Grand Prix,5,VER,ALO,0.1638,1,True
2026,Australian Grand Prix,5,ANT,LIN,0.022,1,True
2026,Australian Grand Prix,6,COL,ALO,0.7469,1,True
2026,Australian Grand Prix,6,SAI,ALO,0.6058,1,True
2026,Australian Grand Prix,6,ANT,HAD,0.5887,1,True
2026,Australian Grand Prix,6,BEA,BOR,0.2225,1,True
2026,Australian Grand Prix,6,VER,BOR,0.6018,1,True
2026,Australian Grand Prix,7,LAW,ALO,0.7677,1,True
2026,Australian Grand Prix,8,VER,BEA,0.196,1,True
2026,Australian Grand Prix,10,VER,GAS,0.8111,7,False
2026,Australian Grand Prix,21,GAS,OCO,0.2325,1,True
2026,Australian Grand Prix,29,ALB,SAI,0.758,1,True
2026,Australian Grand Prix,37,LAW,COL,0.5512,1,True
2026,Australian Grand Prix,37,OCO,GAS,0.7438,3,True
2026,Australian Grand Prix,38,NOR,BEA,0.137,1,True
2026,Australian Grand Prix,38,GAS,OCO,0.5547,1,True
2026,Australian Grand Prix,39,BOR,OCO,0.0102,2,True
2026,Australian Grand Prix,39,NOR,LIN,0.0212,1,True
2026,Australian Grand Prix,40,BEA,LIN,0.6386,7,False
2026,Australian Grand Prix,40,BOR,GAS,0.0258,1,True
2026,Chinese Grand Prix,2,BEA,ALO,0.9457,1,True
2026,Chinese Grand Prix,2,SAI,ALO,0.7059,3,True
2026,Chinese Grand Prix,2,ANT,HAM,0.9519,3,True
2026,Chinese Grand Prix,2,OCO,LIN,0.8985,1,True
2026,Chinese Grand Prix,3,HUL,ALO,0.9444,5,False
2026,Chinese Grand Prix,3,HUL,BOT,0.9356,3,True
2026,Chinese Grand Prix,3,RUS,LEC,0.6277,7,False
2026,Chinese Grand Prix,4,RUS,HAM,0.0401,1,True
2026,Chinese Grand Prix,5,OCO,LAW,0.9516,1,True
2026,Chinese Grand Prix,6,BOT,ALO,0.9163,1,True
2026,Chinese Grand Prix,6,BEA,SAI,0.9186,3,True
2026,Chinese Grand Prix,7,HUL,SAI,0.9673,3,True
2026,Chinese Grand Prix,14,BOT,ALO,0.9623,3,True
2026,Chinese Grand Prix,14,LAW,ALO,0.1338,1,True
2026,Chinese Grand Prix,14,SAI,ALO,0.5957,5,False
2026,Chinese Grand Prix,14,VER,ALO,0.2947,3,True
2026,Chinese Grand Prix,14,BEA,GAS,0.004,1,True
2026,Chinese Grand Prix,14,BEA,HUL,0.9419,5,False
2026,Chinese Grand Prix,14,HAM,OCO,0.8755,7,False
2026,Chinese Grand Prix,14,HAM,RUS,0.0348,1,True
2026,Chinese Grand Prix,14,VER,LAW,0.9656,5,False
2026,Chinese Grand Prix,14,LEC,LIN,0.974,3,True
2026,Chinese Grand Prix,15,PER,ALO,0.9178,5,False
2026,Chinese Grand Prix,15,HAM,COL,0.3688,3,True
2026,Chinese Grand Prix,15,LEC,OCO,0.415,5,False
2026,Chinese Grand Prix,15,LEC,RUS,0.0211,1,True
2026,Chinese Grand Prix,16,BEA,LIN,0.9718,3,True
2026,Chinese Grand Prix,16,LEC,COL,0.259,3,True
2026,Chinese Grand Prix,16,RUS,COL,0.8584,1,True
2026,Chinese Grand Prix,16,GAS,HUL,0.8924,3,True
2026,Chinese Grand Prix,16,RUS,OCO,0.2762,1,True
2026,Chinese Grand Prix,17,ALO,PER,0.8511,1,True
2026,Chinese Grand Prix,17,GAS,LIN,0.9538,3,True
2026,Chinese Grand Prix,17,VER,HUL,0.8877,5,False
2026,Chinese Grand Prix,18,PER,ALO,0.8872,5,False
2026,Chinese Grand Prix,18,VER,LIN,0.0096,1,True
2026,Chinese Grand Prix,19,BEA,OCO,0.9253,7,False
2026,Chinese Grand Prix,19,HUL,LIN,0.9649,5,False
2026,Chinese Grand Prix,20,BEA,COL,0.9731,7,False
2026,Chinese Grand Prix,20,VER,GAS,0.0141,1,True
2026,Chinese Grand Prix,21,LAW,LIN,0.9672,3,True
2026,Chinese Grand Prix,21,VER,OCO,0.2203,5,False
2026,Chinese Grand Prix,22,VER,COL,0.2668,1,True
2026,Chinese Grand Prix,22,HUL,GAS,0.213,3,True
2026,Chinese Grand Prix,22,HAD,SAI,0.0578,1,True
2026,Chinese Grand Prix,23,GAS,HUL,0.944,1,True
2026,Chinese Grand Prix,24,LEC,HAM,0.8616,1,True
2026,Chinese Grand Prix,25,HAD,LIN,0.9617,3,True
2026,Chinese Grand Prix,26,HAM,LEC,0.8571,1,True
2026,Chinese Grand Prix,27,LEC,HAM,0.0841,1,True
2026,Chinese Grand Prix,27,RUS,HAM,0.7234,3,True
2026,Chinese Grand Prix,27,SAI,LIN,0.087,1,True
2026,Chinese Grand Prix,28,GAS,COL,0.9069,3,True
2026,Chinese Grand Prix,28,OCO,COL,0.8688,1,True
2026,Chinese Grand Prix,29,RUS,LEC,0.8649,1,True
2026,Chinese Grand Prix,33,BOT,OCO,0.1574,1,True
2026,Chinese Grand Prix,33,PER,OCO,0.1607,1,True
2026,Chinese Grand Prix,34,OCO,PER,0.8798,1,True
2026,Chinese Grand Prix,35,HAM,LEC,0.8827,1,True
2026,Chinese Grand Prix,36,OCO,BOT,0.3203,11,False
2026,Chinese Grand Prix,38,HUL,BOT,0.8737,1,True
2026,Chinese Grand Prix,38,HUL,PER,0.28,1,True
2026,Chinese Grand Prix,39,LEC,HAM,0.8579,1,True
2026,Chinese Grand Prix,40,HAM,LEC,0.5823,3,True
2026,Chinese Grand Prix,41,COL,LIN,0.8983,1,True
2026,Chinese Grand Prix,43,HUL,OCO,0.2788,1,True
2026,Chinese Grand Prix,52,OCO,PER,0.8744,1,True
2026,Japanese Grand Prix,2,ANT,HAM,0.4231,3,True
2026,Japanese Grand Prix,2,BEA,SAI,0.9314,3,True
2026,Japanese Grand Prix,2,STR,BOT,0.0276,1,True
2026,Japanese Grand Prix,2,LIN,HAD,0.047,1,True
2026,Japanese Grand Prix,2,VER,HAD,0.5955,1,True
2026,Japanese Grand Prix,3,BEA,BOR,0.9417,1,True
2026,Japanese Grand Prix,3,COL,BOR,0.9668,3,True
2026,Japanese Grand Prix,3,OCO,HAD,0.5676,6,False
2026,Japanese Grand Prix,3,HUL,PER,0.0575,1,True
2026,Japanese Grand Prix,3,RUS,NOR,0.9449,1,True
2026,Japanese Grand Prix,4,HUL,ALB,0.9794,3,True
2026,Japanese Grand Prix,4,RUS,LEC,0.0678,1,True
2026,Japanese Grand Prix,5,VER,LIN,0.955,1,True
2026,Japanese Grand Prix,6,OCO,LIN,0.986,5,False
2026,Japanese Grand Prix,7,BOR,BEA,0.9935,11,False
2026,Japanese Grand Prix,8,STR,ALO,0.949,3,True
2026,Japanese Grand Prix,8,RUS,PIA,0.881,3,True
2026,Japanese Grand Prix,9,PIA,RUS,0.0439,1,True
2026,Japanese Grand Prix,11,ANT,NOR,0.9238,1,True
2026,Japanese Grand Prix,15,ANT,LEC,0.8948,1,True
2026,Japanese Grand Prix,15,HUL,SAI,0.0657,1,True
2026,Japanese Grand Prix,16,LEC,ANT,0.0579,1,True
2026,Japanese Grand Prix,19,BEA,PER,0.6551,1,True
2026,Japanese Grand Prix,28,HAM,RUS,0.9772,3,True
2026,Japanese Grand Prix,29,OCO,BOR,0.9467,5,False
2026,Japanese Grand Prix,29,HAD,HUL,0.9071,5,False
2026,Japanese Grand Prix,30,LIN,HUL,0.8908,1,True
2026,Japanese Grand Prix,31,HUL,LIN,0.9948,5,False
2026,Japanese Grand Prix,36,HAD,BOR,0.0791,1,True
2026,Japanese Grand Prix,37,LEC,RUS,0.6237,1,True
2026,Japanese Grand Prix,38,HUL,BOR,0.9321,1,True
2026,Japanese Grand Prix,42,LEC,HAM,0.0934,1,True
2026,Japanese Grand Prix,43,RUS,HAM,0.0958,1,True
2026,Japanese Grand Prix,47,HUL,HAD,0.1106,1,True
2026,Japanese Grand Prix,47,NOR,HAM,0.883,1,True
2026,Japanese Grand Prix,48,VER,GAS,0.8838,1,True
2026,Japanese Grand Prix,48,HAM,NOR,0.0556,1,True
2026,Japanese Grand Prix,49,GAS,VER,0.0421,1,True
2026,Japanese Grand Prix,50,NOR,HAM,0.8674,1,True
2026,Japanese Grand Prix,50,RUS,LEC,0.9134,1,True
2026,Japanese Grand Prix,51,LEC,RUS,0.1052,1,True
2026,Miami Grand Prix,2,BEA,OCO,0.9083,7,False
2026,Miami Grand Prix,2,GAS,SAI,,0,False
2026,Miami Grand Prix,2,VER,LAW,0.5548,1,True
2026,Miami Grand Prix,3,HAD,PER,0.6064,5,False
2026,Miami Grand Prix,3,HAD,STR,0.8859,1,True
2026,Miami Grand Prix,3,RUS,PIA,0.0669,1,True
2026,Miami Grand Prix,4,ANT,LEC,0.8897,3,True
2026,Miami Grand Prix,12,VER,BOR,0.8732,3,True
2026,Miami Grand Prix,12,PIA,RUS,0.5864,3,True
2026,Miami Grand Prix,12,VER,STR,0.3043,1,True
2026,Miami Grand Prix,13,ANT,LEC,0.8926,1,True
2026,Miami Grand Prix,13,BOR,PER,0.5032,1,True
2026,Miami Grand Prix,13,NOR,LEC,0.5777,3,True
2026,Miami Grand Prix,13,VER,LIN,0.4533,1,True
2026,Miami Grand Prix,13,VER,PER,0.0725,1,True
2026,Miami Grand Prix,15,SAI,ALB,0.5673,1,True
2026,Miami Grand Prix,15,BOT,ALO,0.0946,1,True
2026,Miami Grand Prix,15,ALO,STR,0.9004,1,True
2026,Miami Grand Prix,15,VER,BEA,0.896,1,True
2026,Miami Grand Prix,15,BOT,STR,0.8716,1,True
2026,Miami Grand Prix,15,VER,OCO,0.1858,1,True
2026,Miami Grand Prix,17,VER,ALB,0.0677,1,True
2026,Miami Grand Prix,18,VER,SAI,0.0732,1,True
2026,Miami Grand Prix,19,BOR,LIN,0.5754,1,True
2026,Miami Grand Prix,20,ALO,BOT,0.5421,1,True
2026,Miami Grand Prix,21,VER,COL,0.0753,3,True
2026,Miami Grand Prix,23,RUS,BEA,0.1874,1,True
2026,Miami Grand Prix,24,LEC,ALB,0.8814,1,True
2026,Miami Grand Prix,24,RUS,ALB,0.5595,1,True
2026,Miami Grand Prix,26,VER,HAM,0.9003,3,True
2026,Miami Grand Prix,26,LEC,SAI,0.8205,1,True
2026,Miami Grand Prix,26,RUS,SAI,0.4795,1,True
2026,Miami Grand Prix,29,ANT,VER,0.4756,1,True
2026,Miami Grand Prix,31,LEC,RUS,0.016,1,True
2026,Miami Grand Prix,33,LIN,ALO,0.523,1,True
2026,Miami Grand Prix,35,PIA,RUS,0.8486,3,True
2026,Miami Grand Prix,46,BOR,OCO,0.5741,1,True
2026,Miami Grand Prix,47,LEC,VER,0.5183,3,True
2026,Miami Grand Prix,48,PIA,VER,0.815,1,True
2026,Miami Grand Prix,51,ALO,PER,0.915,1,True
2026,Miami Grand Prix,56,PIA,LEC,0.8432,1,True
2026,Miami Grand Prix,56,RUS,VER,0.7995,1,True
2026,Miami Grand Prix,57,RUS,LEC,0.9037,5,False
2026,Miami Grand Prix,57,VER,LEC,0.9808,1,True
2026,Canadian Grand Prix,4,PIA,STR,0.6189,3,True
2026,Canadian Grand Prix,6,ALB,OCO,0.844,1,True
2026,Canadian Grand Prix,6,GAS,ALO,0.7592,1,True
2026,Canadian Grand Prix,6,RUS,ANT,0.9112,3,True
2026,Canadian Grand Prix,6,SAI,HUL,0.6172,1,True
2026,Canadian Grand Prix,7,NOR,OCO,0.0135,1,True
2026,Canadian Grand Prix,7,PIA,OCO,0.4789,1,True
2026,Canadian Grand Prix,8,ALB,ALO,0.6294,1,True
2026,Canadian Grand Prix,8,NOR,ALB,0.033,1,True
2026,Canadian Grand Prix,8,NOR,ALO,0.4294,1,True
2026,Canadian Grand Prix,8,SAI,STR,0.5032,1,True
2026,Canadian Grand Prix,9,PIA,ALO,0.0401,1,True
2026,Canadian Grand Prix,9,VER,HAM,0.0561,1,True
2026,Canadian Grand Prix,9,HUL,STR,0.4178,1,True
2026,Canadian Grand Prix,11,GAS,BEA,0.5107,1,True
2026,Canadian Grand Prix,11,NOR,BEA,0.5689,1,True
2026,Canadian Grand Prix,11,BOR,STR,0.8186,1,True
2026,Canadian Grand Prix,11,NOR,GAS,0.9815,1,True
2026,Canadian Grand Prix,13,PER,STR,0.7631,1,True
2026,Canadian Grand Prix,14,SAI,OCO,,1,False
2026,Canadian Grand Prix,15,SAI,ALO,0.4356,1,True
2026,Canadian Grand Prix,17,HUL,ALO,0.7018,1,True
2026,Canadian Grand Prix,18,NOR,ALO,0.03,1,True
2026,Canadian Grand Prix,22,ANT,RUS,0.809,3,True
2026,Canadian Grand Prix,25,RUS,ANT,0.4013,1,True
2026,Canadian Grand Prix,27,BOR,OCO,0.8415,1,True
2026,Canadian Grand Prix,36,NOR,GAS,0.8382,1,True
2026,Canadian Grand Prix,38,PER,OCO,0.8777,1,True
2026,Canadian Grand Prix,39,LEC,HAD,0.7875,3,True
2026,Canadian Grand Prix,39,OCO,PER,0.8717,1,True
2026,Canadian Grand Prix,62,HAM,VER,0.0309,1,True
2026,Canadian Grand Prix,63,PIA,BOR,0.5778,1,True
2026,Canadian Grand Prix,64,PIA,HUL,0.8462,1,True
2026,Monaco Grand Prix,47,LIN,ALB,,-1,False
2026,Monaco Grand Prix,56,ALB,SAI,,-1,False
2026,Monaco Grand Prix,71,ALO,COL,,-1,False
2026,Monaco Grand Prix,71,BOR,COL,,-1,False
2026,Monaco Grand Prix,71,GAS,HAD,,-1,False
2026,Monaco Grand Prix,71,RUS,HAD,,-1,False
2026,Monaco Grand Prix,72,HUL,ALB,,-1,False
2026,Monaco Grand Prix,73,ALB,HUL,,-1,False
2026,Austrian Grand Prix,2,COL,ALO,0.486,5,False
2026,Austrian Grand Prix,2,VER,ANT,0.2629,1,True
2026,Austrian Grand Prix,2,OCO,BOR,0.707,3,True
2026,Austrian Grand Prix,2,VER,LEC,0.5526,3,True
2026,Austrian Grand Prix,4,HAD,LAW,0.4627,3,True
2026,Austrian Grand Prix,7,ANT,LEC,0.8233,1,True
2026,Austrian Grand Prix,7,BOR,OCO,0.457,1,True
2026,Austrian Grand Prix,16,GAS,STR,0.2844,3,True
2026,Austrian Grand Prix,16,HAM,LIN,0.2784,1,True
2026,Austrian Grand Prix,16,HUL,OCO,0.562,3,True
2026,Austrian Grand Prix,17,GAS,ALO,0.0737,1,True
2026,Austrian Grand Prix,18,HAM,LAW,0.2586,1,True
2026,Austrian Grand Prix,20,SAI,ALO,0.4208,3,True
2026,Austrian Grand Prix,21,ALB,STR,0.5287,1,True
2026,Austrian Grand Prix,21,BOR,BEA,0.5121,3,True
2026,Austrian Grand Prix,22,OCO,ALO,0.3277,3,True
2026,Austrian Grand Prix,22,VER,HAM,0.6038,3,True
2026,Austrian Grand Prix,23,ALB,ALO,0.2896,5,False
2026,Austrian Grand Prix,23,COL,ALO,0.8843,1,True
2026,Austrian Grand Prix,23,GAS,BEA,0.7973,1,True
2026,Austrian Grand Prix,30,COL,ALB,0.4476,1,True
2026,Austrian Grand Prix,30,ANT,LEC,0.4319,1,True
2026,Austrian Grand Prix,30,HAM,HAD,0.5585,5,False
2026,Austrian Grand Prix,37,STR,ALO,0.5616,1,True
2026,Austrian Grand Prix,43,GAS,BEA,0.2848,1,True
2026,Austrian Grand Prix,48,PIA,LEC,0.2924,1,True
2026,Austrian Grand Prix,49,COL,ALB,0.2422,1,True
2026,Austrian Grand Prix,54,COL,OCO,0.5017,3,True
2026,Austrian Grand Prix,56,HAD,LEC,0.501,1,True
2026,British Grand Prix,2,BOR,GAS,0.0256,1,True
2026,British Grand Prix,2,BOR,OCO,0.7963,1,True
2026,British Grand Prix,2,BOT,HUL,0.396,1,True
2026,British Grand Prix,2,COL,HUL,0.3937,1,True
2026,British Grand Prix,2,PER,HUL,0.3932,1,True
2026,British Grand Prix,2,STR,HUL,0.3961,1,True
2026,British Grand Prix,3,GAS,OCO,0.8293,1,True
2026,British Grand Prix,3,VER,HAD,0.1874,1,True
2026,British Grand Prix,4,HUL,STR,0.2935,1,True
2026,British Grand Prix,5,BOR,SAI,0.7735,3,True
2026,British Grand Prix,5,COL,OCO,0.6042,3,True
2026,British Grand Prix,6,BEA,BOT,0.8569,1,True
2026,British Grand Prix,6,GAS,SAI,0.8406,1,True
2026,British Grand Prix,7,HUL,BOT,0.8374,1,True
2026,British Grand Prix,9,COL,SAI,0.8158,1,True
2026,British Grand Prix,10,HUL,BEA,0.2816,1,True
2026,British Grand Prix,11,ANT,HAM,0.5131,1,True
2026,British Grand Prix,12,HUL,PER,0.3043,1,True
2026,British Grand Prix,15,PIA,ALO,0.2997,1,True
2026,British Grand Prix,15,PIA,STR,0.6169,1,True
2026,British Grand Prix,23,HAD,LIN,0.4833,1,True
2026,British Grand Prix,25,OCO,BOT,0.8636,1,True
2026,British Grand Prix,25,PER,BOT,0.8418,1,True
2026,British Grand Prix,25,HAD,LAW,0.833,1,True
2026,British Grand Prix,25,HUL,SAI,0.8426,1,True
2026,British Grand Prix,27,GAS,BEA,0.3065,1,True
2026,British Grand Prix,27,HUL,BEA,0.4961,1,True
2026,British Grand Prix,27,OCO,PER,0.9232,3,True
2026,British Grand Prix,28,SAI,BEA,0.3885,1,True
2026,British Grand Prix,33,PIA,SAI,0.8678,1,True
2026,British Grand Prix,34,BEA,OCO,0.8566,1,True
2026,British Grand Prix,40,PIA,BEA,0.3131,1,True
2026,British Grand Prix,44,PIA,SAI,0.9263,1,True
2026,Belgian Grand Prix,5,BEA,ALO,0.2516,1,True
2026,Belgian Grand Prix,5,STR,ALO,0.3255,1,True
2026,Belgian Grand Prix,5,BEA,STR,0.025,1,True
2026,Belgian Grand Prix,5,NOR,BOR,0.802,3,True
2026,Belgian Grand Prix,5,OCO,BOT,0.8688,1,True
2026,Belgian Grand Prix,6,OCO,ALO,0.2936,1,True
2026,Belgian Grand Prix,6,PER,ALO,0.2476,1,True
2026,Belgian Grand Prix,6,VER,LEC,0.2894,1,True
2026,Belgian Grand Prix,6,OCO,STR,0.9327,1,True
2026,Belgian Grand Prix,6,PER,STR,0.9162,1,True
2026,Belgian Grand Prix,7,BOT,ALO,0.0275,1,True
2026,Belgian Grand Prix,7,GAS,BOR,0.2862,1,True
2026,Belgian Grand Prix,7,NOR,COL,0.8988,1,True
2026,Belgian Grand Prix,7,OCO,PER,0.3678,1,True
2026,Belgian Grand Prix,8,BOT,STR,0.3645,3,True
2026,Belgian Grand Prix,8,LIN,LAW,0.3394,1,True
2026,Belgian Grand Prix,9,ALO,STR,0.2944,1,True
2026,Belgian Grand Prix,9,HAM,PIA,0.2967,1,True
2026,Belgian Grand Prix,9,NOR,LAW,0.9208,1,True
2026,Belgian Grand Prix,10,HAD,BEA,0.351,3,True
2026,Belgian Grand Prix,11,HAD,SAI,0.2966,1,True
2026,Belgian Grand Prix,12,HAD,ALB,0.2953,1,True
2026,Belgian Grand Prix,12,HUL,ALB,0.2819,1,True
2026,Belgian Grand Prix,12,BEA,SAI,0.8568,1,True
2026,Belgian Grand Prix,12,GAS,COL,0.3092,1,True
2026,Belgian Grand Prix,12,NOR,LIN,0.3188,1,True
2026,Belgian Grand Prix,13,HAD,HUL,0.2916,1,True
2026,Belgian Grand Prix,23,LEC,NOR,0.2732,1,True
2026,Belgian Grand Prix,24,SAI,OCO,0.3237,1,True
2026,Belgian Grand Prix,26,BEA,ALB,0.842,1,True
2026,Belgian Grand Prix,26,ANT,NOR,0.2662,1,True
2026,Belgian Grand Prix,26,GAS,HUL,0.3811,4,False
2026,Belgian Grand Prix,28,COL,HUL,0.3384,1,True
2026,Belgian Grand Prix,29,VER,NOR,0.3199,1,True
2026,Belgian Grand Prix,30,COL,GAS,0.2802,1,True
2026,Belgian Grand Prix,30,COL,LAW,0.3889,1,True
2026,Belgian Grand Prix,33,GAS,LAW,0.3406,1,True
2026,Belgian Grand Prix,34,ANT,LEC,0.2881,1,True
2026,Belgian Grand Prix,40,HAM,PIA,0.3245,1,True
2026,Hungarian Grand Prix,2,RUS,ALB,0.2627,1,True
2026,Hungarian Grand Prix,2,BOT,STR,0.8278,3,True
2026,Hungarian Grand Prix,3,STR,BOT,0.1351,1,True
2026,Hungarian Grand Prix,3,RUS,SAI,0.2295,1,True
2026,Hungarian Grand Prix,4,RUS,BEA,0.1659,1,True
2026,Hungarian Grand Prix,5,STR,ALB,0.1398,1,True
2026,Hungarian Grand Prix,5,RUS,ALO,0.0991,1,True
2026,Hungarian Grand Prix,6,RUS,COL,0.1243,1,True
2026,Hungarian Grand Prix,8,RUS,BOR,0.7422,5,False
2026,Hungarian Grand Prix,9,RUS,OCO,0.1155,1,True
2026,Hungarian Grand Prix,12,RUS,GAS,0.2073,1,True
2026,Hungarian Grand Prix,14,BOR,OCO,0.203,1,True
2026,Hungarian Grand Prix,16,STR,PER,0.0091,1,True
2026,Hungarian Grand Prix,17,RUS,HUL,0.4265,1,True
2026,Hungarian Grand Prix,18,RUS,LIN,0.1989,1,True
2026,Hungarian Grand Prix,19,GAS,ALB,0.006,1,True
2026,Hungarian Grand Prix,24,LAW,ALO,0.8317,5,False
2026,Hungarian Grand Prix,25,STR,ALB,0.107,1,True
2026,Hungarian Grand Prix,25,LIN,ALO,0.8303,5,False
2026,Hungarian Grand Prix,26,GAS,ALO,0.2825,1,True
2026,Hungarian Grand Prix,26,HUL,ALO,0.037,1,True
2026,Hungarian Grand Prix,33,BOR,ALO,0.0425,1,True
2026,Hungarian Grand Prix,37,ALO,SAI,0.5801,3,True
2026,Hungarian Grand Prix,38,BOR,GAS,0.8532,3,True
2026,Hungarian Grand Prix,39,OCO,ALB,0.2049,3,True
2026,Hungarian Grand Prix,41,OCO,BEA,0.9283,5,False
2026,Hungarian Grand Prix,41,COL,SAI,0.4808,1,True
2026,Hungarian Grand Prix,46,NOR,ANT,0.6005,5,False
2026,Hungarian Grand Prix,59,HUL,BOR,0.751,3,True
2026,Hungarian Grand Prix,59,LAW,BOR,0.0257,1,True
2026,Hungarian Grand Prix,60,ALO,COL,0.644,1,True
2026,Hungarian Grand Prix,61,GAS,STR,0.9383,5,False
2026,Hungarian Grand Prix,62,LAW,LIN,0.9922,5,False
2026,Hungarian Grand Prix,63,HUL,LIN,0.7455,5,False
2026,Dutch Grand Prix,5,ALO,OCO,0.7467,7,False
2026,Dutch Grand Prix,5,ANT,NOR,0.0164,1,True
2026,Dutch Grand Prix,5,HUL,COL,0.4244,1,True
2026,Dutch Grand Prix,5,HUL,TSU,0.2093,1,True
2026,Dutch Grand Prix,5,PIA,LEC,0.2241,3,True
2026,Dutch Grand Prix,5,PIA,RUS,0.3627,1,True
2026,Dutch Grand Prix,6,OCO,ALO,0.8093,7,False
2026,Dutch Grand Prix,7,BOR,ALO,0.7861,8,False
2026,Dutch Grand Prix,8,SAI,PER,0.9028,1,True
2026,Dutch Grand Prix,9,SAI,BOT,0.9863,2,True
2026,Dutch Grand Prix,13,LIN,PER,0.0945,1,True
2026,Dutch Grand Prix,15,LIN,BOT,0.0846,1,True
2026,Dutch Grand Prix,16,BOR,COL,0.7389,1,True
2026,Dutch Grand Prix,17,BOR,PER,0.7004,9,False
2026,Dutch Grand Prix,19,BOR,BOT,0.03,1,True
2026,Dutch Grand Prix,22,LIN,SAI,0.0591,1,True
2026,Dutch Grand Prix,23,GAS,SAI,0.3675,3,True
2026,Dutch Grand Prix,24,LAW,ALB,0.0811,1,True
2026,Dutch Grand Prix,24,OCO,PER,0.0624,1,True
2026,Dutch Grand Prix,24,STR,PER,0.7147,1,True
2026,Dutch Grand Prix,25,OCO,BOT,0.7129,1,True
2026,Dutch Grand Prix,25,HUL,SAI,0.3795,3,True
2026,Dutch Grand Prix,26,STR,BOT,0.7481,3,True
2026,Dutch Grand Prix,26,HUL,GAS,0.7755,1,True
2026,Dutch Grand Prix,27,SAI,GAS,0.9304,1,True
2026,Dutch Grand Prix,27,HUL,LIN,0.1215,1,True
2026,Dutch Grand Prix,28,TSU,GAS,0.2365,1,True
2026,Dutch Grand Prix,29,SAI,LIN,0.9678,1,True
2026,Dutch Grand Prix,29,TSU,LIN,0.1393,1,True
2026,Dutch Grand Prix,29,TSU,SAI,0.0579,1,True
2026,Dutch Grand Prix,34,LEC,PIA,0.0929,1,True
2026,Dutch Grand Prix,35,COL,SAI,0.4855,5,False
2026,Dutch Grand Prix,35,GAS,LIN,0.0682,1,True
2026,Dutch Grand Prix,35,HAM,PIA,0.0514,1,True
2026,Dutch Grand Prix,38,ALO,ALB,0.0847,1,True
2026,Dutch Grand Prix,39,SAI,COL,0.9322,1,True
2026,Dutch Grand Prix,40,LIN,COL,0.1717,1,True
2026,Dutch Grand Prix,40,OCO,COL,0.7493,1,True
2026,Dutch Grand Prix,41,LIN,SAI,0.3877,3,True
2026,Dutch Grand Prix,43,OCO,SAI,0.4789,5,False
2026,Dutch Grand Prix,45,BOR,ALB,0.0501,1,True
2026,Dutch Grand Prix,49,COL,PER,0.697,1,True
2026,Dutch Grand Prix,59,ALB,SAI,0.7095,8,False
2026,Dutch Grand Prix,61,COL,SAI,0.0522,2,True
2026,Dutch Grand Prix,65,COL,ALB,0.1137,1,True
2026,Dutch Grand Prix,66,ANT,RUS,0.1285,3,True
